"","Yuca Martes","Yuca Jueves","Yuca Viernes","Plátano Martes","Plátano Jueves","Plátano Viernes","Papa Martes","Papa Jueves","Papa Viernes","Piña Martes","Piña Jueves","Piña Viernes","Naranja Martes","Naranja Jueves","Naranja Viernes","Mandarina Martes","Mandarina Jueves","Mandarina Viernes","Banano Martes","Banano Jueves","Banano Viernes","Tomate Martes","Tomate Jueves","Tomate Viernes"
"1",940,929,893,1080,980,1000,800,820,810,633,700,683,640,660,660,1576,1707,1696,717,917,883,761,682,784
"2",1071,1071,1131,1040,1000,1040,820,780,750,633,650,758,670,630,620,1970,1739,1630,867,833,858,1205,1364,1568
"3",1042,935,997,1040,930,1000,680,700,633,633,525,517,610,593,620,1783,1714,1690,792,833,833,1284,1170,1165.40229885057
"4",1339,1339,967,1157,1083,1170,707,713,727,522,558,625,617,642,620,1855,1793,1832,733,813,700,1182,943,1034
"5",1265,997,1012,1050,1140,1109,867,867,833,642,654,633,665,630,647,1739,1957,1739,750,750,717,966,864,750
"6",1131,1149,1100.96551724138,1250,1168,1170.72413793103,873,793,844.298850574713,647,600,634.235632183908,620,615,624.741379310345,1884,1812,1703.98275862069,783,783,767.304597701149,625,659,623.086206896552
"7",1220,1071,952,1149,1149,1317,810,825,813,633,633,600,620,620,620,1630,1701,1522,783,811,700,557,500,511
"8",997,1042,1071,1163,1169,1200,947,973,927,667,700,650,620,620,615,1522,1348,1522,783,750,783,477,477,489
"9",1095.52298850575,1250,1190,1185.00574712644,1169,1139,901.729885057471,867,853,646.919540229885,623,608,660.373563218391,900,580,1389.62643678161,1413,1304,786.011494252874,783,783,479.293103448276,528,455
"10",952,1131,1141,1220,1186,1169,920,940,927,667,667,667,633,585,600,1217,1123,1087,783,858,883,432,455,402
"11",1369,1369,1369,1290,1270,1257,913,927,900,633,549,513,595,590,565,1022,793,844,883,893,903,500,530,500
"12",1190,1310,1190,1290,1290,1250,873,900,907,483,521,583,572,583,500,935,870,870,889,883,883,489,455,420
"13",1548,1190,1190,1452,1452,1586,933,927,920,619,567,517,532,617,480,931,870,819,883,883,883,670,682,682
"14",1310,1310,1190,1593,1290,1210,517,853,833,640,575,583,808,550,580,808,728,652,883,850,850,875,818,727
"15",1220,1429,1220,1250,1272,1280,840,833,820,581,583,600,570,560,577,707,906,806.574712643678,850,878,883,733,835,875
"16",1250,1190,1190,1160,1160,1120,807,800,790,625,546,547,620,613,573,812,870,804,883,883,883,1117,1114,1189.37356321839
"17",1369,1190,1071,1260,1280,1220,893,907,907,583,657,639,613,532,532,844,848,826,883,867,867,1261,1506,1670
"18",1280,1265,1190,1200,1210,1130,1000,973,935,675,667,667,532,535,535,844,790,768,833,833,833,1443,1040,1102
"19",1310,1310,1190,1153,1180,1120,813,900,920,667,667,633,537,497,500,762,761,783,833,833,833,1403,1466,1790
"20",1209.8275862069,1185,1190,1220,1250,1163,815.942528735632,753,787,625.195402298851,658,650,491.695402298851,518,492,776.436781609195,777,841,832.310344827586,847,822,1586.18965517241,1693,1727
"21",1190,1205,1037,1415,1425,1304,673,707,632,521,510,510,410,430,410,764,757,717,825,828,819,1614,1744,1784
"22",1205,1235,1126,1169,1220,1415,727,687,700,638,642,647,420,405,415,906,830,855,817,850,833,2040,1852,1580
"23",1171,1071,1132.74137931034,1321,1260,1233,660,663,573,657,599,581,413,415,448.77358490566,870,899,870,817,789,817,1818,1722,1580
"24",1190,1086,1111,1310,1220,1253,625,613,600,667,667,697,490,490,481.949685534591,830,830,837,825,817,808,2188,2500,2623
"25",1066,1091,1101,1207,1280,1237,607,580,607,658,604,628,495,492,480,841,783,797,817,817,817,1795,2006,2045
"26",1190,1190,1151,1200,1240,1240,620,647,600,647,696,614,500,513,490.620689655172,841,870,819,817,819,833,1800,2727,2585
"27",1086,1190,1101,1300,1223,1177,633,605,573,586,426,460,520,513,450,848,848,717,817,750,767,1960,1875,1847
"28",1037,952,952,1187,1200,1200,532,577,600,553,546,617,437,407,466.333333333333,833,783,826,678,696,642,1617,1761,2131
"29",1088.55974842767,1136,1101,1222.38364779874,1250,1280,600.22641509434,583,620,587.842767295597,617,613,472.478991596639,500,500,923.779874213836,940,975,704.452830188679,750,656,1604.72327044025,1563,1165
"30",1140.5534591195,1202,1429,1204.53459119497,1125,1360,633.861635220126,720,646,639,766,600,538.267716535433,500,576.416666666667,1077.92452830189,1591,1007,733.188679245283,667,833,1220.30188679245,966,905
"31",1280,982,903,1177,993,1120,634,617,612,689,576,578,670,670,620,1092,1054,870,917,764,764,966,1108,977
"32",833,854,833,1040,1153,1177,577,586,600,639,519,575,542,520,530,1027,1000,1014,736,729,700,1367,1028,1136
"33",833,813,799,1200,1090,1087,612,647,650,628,579,667,642,580,580,1105,1056,1109,764,850,833,1483,1352,1364
"34",952,833,764,1063,1123,1073,633,624,633,653,596,618,650,640,580,1250,1174,1250,833,992,1050,926,909,1205
"35",833,833,833,1120,1143,1153,594,607,600,675,699,761,670,648,600,1467,1422,1399,1158,1150,1150,943,1051,1136
"36",851,919,883,1167,1233,1200,600,600,588,667,644,689,600,600,600,1504,1585,1612,1150,1150,1167,943,949,1068
"37",833,833,714,1440,1727,1600,588,595,600,717,708,665,625,620,530,1861,1638,1696,1142,1200,1200,1133,1159,1136
"38",854,938,903,1647,1650,1613,612,583,588,644,689,817,700,639.516129032258,641.140350877193,1627,1696,1714,1225,1250,1233,830,644,831
"39",833,889,833,1613,1774,1760,738,727,743,739,696,667,643.064516129032,700,700,1911,1884,1815,1217,1100,1100,947,947,1017
"40",813,952,833,1452,1452,1405,603,652,613,667,650,650,600,575,578,1884,1871,1861,1000,1125,1138,909,909,898
"41",833,833,833,1393,1313,1223,700,700,685,629,579,592,600,700,654.460431654676,1650,1810,1710,1050,1113,1100,1390,1799,1932
"42",833,833,833,1440,1334.11111111111,1322.47222222222,818,764.590277777778,785.430555555556,583,610.708333333333,617.25,700,680.483870967742,684.496124031008,1812,1728.46527777778,1685.76388888889,1133,1119.47916666667,1121.5,1818,1746.59027777778,1789.47222222222
"43",833,833,833,1383,1257,1223,900,785,783,642,633,622,700,700,700,1714,1687,1612,1167,1100,1100,1653,2004,2032
"44",833,833,714,1280,1327,1163,766,743,717,608,656,658,700,600,600,1585,1428,1565,1150,1117,1050,1818,1489,1742
"45",833,821.735632183908,833,1233,1205.02298850575,1200,706,825.637931034483,830,685,680.425287356322,700,600,624.513888888889,617.541666666667,1574,1492.83908045977,1486,1067,1091.0632183908,1100,1818,2012.91954022989,2273
"46",854,833,833,1153,1143,1077,930,1000,937,753,678,689,700,600,600,1533,1404,1382,1088,1088,1100,2081,2273,2386
"47",833,833,799,1280,1280,1163,1023,1000,1000,683,711,767,533,533,550,1179,1038,1018,1100,1100,1100,2386,2339,2324
"48",833,742,714,1177,1153,1073,1018,1058,1060,750,738,739,518,480,520,1230,1192,1170,1088,1088,1100,2852,1856,1852
"49",833,833,833,1200,1200,1153,1047,1000,1000,717,700,711,450,467,450,1221,1192,1123,1100,1117,1100,1705,1106,1136
"50",833,833,767,1120,1120,1087,880,827,840,694,696,667,500,500,400,1056,1014,1022,1100,1117,1083,1098,898,977
"51",833,819,755,1200,1167,1153,931,900,900,667,675,683,467,583,495.252873563218,906,810,784,1100,1100,1133,977,867,890
"52",833,833,833,1223,1227,1280,960,932,932,686,704,689,488,550,440,944,957,795,1058,1117,1067,1148,1152,1335
"53",714,730,730,1200,1200,1147,980,925,933,706,649,628,467,450,450,815,841,757,1142,1167,1167,1337,991,864
"54",714,714,714,1200,1290,1200,960,927,925,685,678,667,468,453,450,812,755,770,1167,1200,1167,936,1277,1159
"55",700,714,595,1230,1170,1157,970,960,950,628,619,622,450,500,400,815,882,822,1167,1142,1167,905,852,835
"56",798,833,732,1280,1280,1240,987,1000,1000,722,711,756,461,467,450,928,1025,906,1167,1167,1083,1066,1136,1496
"57",738,738,725.913793103448,1240,1200,1236.98275862069,1013,1000,986.51724137931,706,700,696.965517241379,448,467,468.298850574713,899,913,928.672413793103,1113,1113,1112.00574712644,1790,1420,1366.27586206897
"58",698,690,683,1240,1240,1233,960,1000,1000,689,683,644,448,483,480,913,895,899,1113,1100,1100,1136,1390,1394
"59",714,690,622,1240,1230,1200,972,906,892,700,667,681,500,525,480,1002,1025,957,1100,1083,1083,1345,1367,1345
"60",738,714,714,1280,1233,1170,800,748,743,708,633,628,453,453,432,1130,1315,1246,1088,1100,1100,1259,1165,1136
"61",728,714,687,1257,1243,1237,778,760,725,672,692,689,450,517,483,1304,1281,1391,1100,1088,1100,1364,1165,1148
"62",714,714,700,1230,1280,1170,700,708,700,672,699,733,472,448,434,1333,1348,1268,1100,1100,1100,1136,1152,1170
"63",833,833,813,1797,1600,1387,870,1050,1000,667,756,700,387,420,420,1435,1522,1522,1100,1100,1100,1136,966,962
"64",714,696,696,1487,1520,1520,725,1007,977,700,696,694,620,620,513.304597701149,1696,1574,1634,1100,1400,1400,875,807,871
"65",714,714,698,1500,1600,1440,642,659,657,722,750,744,463,597,497,1598,1634,1638,1200,1200,1150,920,960,1008
"66",774,714,696,1550,1320,1280,683,628,607,744,686,619,485,400,400,1585,1178,1134,1150,1167,1167,1042,909,1136
"67",714,714,690,1547,1397,1320,560,543,538,689,756,711,400,418,417,1053,1176,1087,1167,1167,1167,1216,1087,833
"68",714,690,696,1303,1320,1360,560,532,517,744,683,644,413,412,417,1188,1205,1116,1100,1100,1100,958,1074,1136
"69",637,690,687,1400,1400,1360,537,560,552,638,706,694,412,412,413,1141,1062,1074,1113,1100,1100,1023,1189,1310.87931034483
"70",714,738,595,1313,1490,1400,550,527,500,694,685,653,412,400,377,1045,995,995,1150,1100,1125,1602,1472,1617
"71",714,690,667,1550,1473,1440,463,477,492,568,510,581,383,383,383,933,938,944,1150,1133,1133,1375,1420,1610
"72",714,685,595,1440,1407,1390,552,530,500,650,649,653,388,385,387,944,918,906,1150,1158,1150,1818,2045,1818
"73",714,667,595,1440,1330,1280,468,400,460,625,686,628,383,377,377,783,783,770,1167,1150,1142,1330,1295,1273
"74",714,685,623,1330,1250,1250,433,447,480,683,676,676,377,388,382,880,911,911,1158,1167,1158,1136,1091,1136
"75",637,631,595,1240,1200,1177,480,450,452,800,758,767,388,385,383,870,806,804,1167,1167,1150,890,773,955
"76",690,685,625,1313,1160,1120,400,420,383,653,700,681,383,387,385,806,797,806,1167,1158,1100,746,625,1080
"77",622,622,595,1153,1160,1150,429,420,425,633,629,625,380,385,388,949,940,949,1100,1100,1100,602,723,818
"78",631,690,690,1160,1160,1200,453,450,448,633,629,633,415,440,440,978,1005,1000,1100,1100,1100,795,1080,1070
"79",667,690,604,1240,1200,1160,525,508,493,700,639,628,440,435,440,1112,1020,920,1100,1100,1100,955,864,750
"80",631,595,595,1200,1120,1070,463,460,460,676,711,689,440,440,435,944,1022,1020,1100,1100,1100,604,659,818
"81",714,631,603,1240,1280,1440,500,480,492,722,722,683,480,480,520,1188,1103.13218390805,1071,1100,1100,1100,716,659,682
"82",765,690,595,1153,1080,1120,532,530,520,722,722,733,525,520,577,1199,1087,1246,1100,1100,1100,985,907.436781609195,871
"83",845,714,687,1150,1080,1067,577,530,533,708,672,667,573,580,555,1268,1304,1254,1100,1100,1100,947,1017,1136
"84",714,690,640,1150,1167,1120,412,412,440,642,700,700,537,548,537,1268,1261,1268,1088,1100,1100,1409,1449,1402
"85",637,607,595,1200,1230,1153,517,510,508,597,689,689,537,537,537,1353,1623,1645,1100,1100,1100,1722,1489,1364
"86",604,595,639.505747126437,1200,1200,1184.74137931034,510,490,506.810344827586,800,667,706.965517241379,537,537,579.965517241379,1609,1630,1720.53448275862,1100,1100,1100,1364,1398,1450.60344827586
"87",720,690,685,1160,1170,1170,503,518,515,722,767,717,595,640,635,1848,1844,1848,1100,1100,1100,1538,1591,1591
"88",595,595,595,1170,1230,1200,510,508,498,667,667,611,635,640,640,1841,1848,1848,1100,1100,1100,1256,1074,909
"89",595,714,604,1240,1150,1150,493,488,494,700,700,700,635,640,635,2058,2217,2088.62893081761,1100,1088,1100,1216,1136,1059
"90",595,595,595,1147,1200,1153,494,500,488,700,742,689,640,635,663,2161,2188,2151.9748427673,1100,1100,1100,1063,1000,983
"91",605,595,595,1200,1120,1120,617,692,694,692,783,789,715,697,707,2138,2187,2174,1100,1100,1100,1402,1629,1648
"92",613,598,595,1220,1303,1233,898,846,823,696,638,628,663,657,657,2080,2067,2043,1100,1100,1100,1311,1070,1085
"93",595,595,595,1177,1153,1120,815,763,735,650,783,694,600,600,600,2203,2062,2058,1100,1100,1100,1205,1136,1055.90229885057
"94",694,687,605,1200,1177,1157,765,777,777,696,696,696,652,663,663,1969,1634,1623,1100,1100,1100,841,841,854
"95",595,595,595,1120,1080,1040,1000,1078,1093,792,767,758,640,663,640,1616,1739,1674,1100,1100,1100,1261,1333,1551
"96",681,605,606,1073,1143,1200,1041,1000,1027,700,667,638,645,680,680,1533,1304,1304,1100,1100,1100,1392,1210,1364
"97",626,658.194444444444,677.119402985075,1157,1126.71527777778,1124.85820895522,1050,1133.00694444444,1172.73134328358,733,705.375,706.888059701492,668,669.375,672.686567164179,1210,1265.3125,1216.0223880597,1100,1103.4375,1104.92537313433,1409,1621.3125,1712.05223880597
"98",692,833,694,1087,1120,1073,1300,1275,1253,758,767,667,685,680,680,1161,1197,1157,1100,1133,1100,1792,2045,2045
"99",602,656.567073170732,604,1170,1287.59210526316,1440,1253,1253.0243902439,1373,617,683.920731707317,679,635,650,640,1007,1003.76219512195,906,1100,1103.01829268293,1100,2250,1863.5487804878,1845
"100",623,700,639,1507,1720,1254.35185185185,1158,1183,1158,767,700,696,635,640,640,906,920,935,1100,1100,1100,1597,1591,1574
"101",619,595,574,1017,927,933,1213,1200,1213,515,563,567,635,635,635,906,870,783,1100,1100,1100,1500,1449,1136
"102",687,667,602,1160,1120,1120,1153,1041,992,792,611,611,588,595,565,734,714,719,1100,1100,1100,1326,1506,1631
"103",602,602,595,1063,960,1017,872,960,960,650,686,689,560,565,600,712,732,739,1100,1100,1100,1261,1491,1449
"104",700,700,692,1073,1040,1040,1007,1015,1013,608,628,700,635,628,635,707,703,703,1100,1100,1100,1818,1686,1941
"105",694,598,602,1063,1040,960,1018,1040,1047,664,581,561,645,640,635,764,725,719,1100,1100,1100,2081,1792,1818
"106",714,700,620,1097,1120,1063,1000,988,987,667,733,683,600,595,595,732,870,846,1100,1100,1100,2129,2500,2500
"107",714,714,714,1120,1073,1087,1060,1123,1128,676,628,622,605,600,600,795,868,846,1100,1100,1100,1932,2045,2727
"108",714,783,714,1150,1200,1200,1073,1080,1080,700,681,681,605,605,605,906,993,995,1100,1100,1100,2795,2727,2727
"109",714,732,605,1240,1150,1150,1033,1100,1100,696,696,700,635,645,645,1145,1167,1161,1100,1100,1100,2674,2500,2377
"110",602,714,660,1507,1440,1393,1068,1027,1033,696,633,638,645,600,605,1199,1241,1225,1100,1100,1100,2555,2688,2727
"111",714,625,595,1233,1223,1200,1017,972,980,700,714,714,605,635,640,1304,1304,1187,1100,1100,1100,1970,1864,2362
"112",621,700,702,1280,1247,1200,815,768,800,717,683,667,727,795,730,1368,1368,1304,1100,1100,1100,2045,2136,2129
"113",738,685.318181818182,686.372093023256,1360,1331.66666666667,1335.23611111111,932,873.770833333333,879.166666666667,692,650.784722222222,628.777777777778,700,701.902777777778,693.75,1543,1471.0625,1519.625,1075,1120.36111111111,1131.84027777778,2307,2176.38888888889,2133.38888888889
"114",631,700,678.244897959184,1400,1073,1600,848,1007,844,558,608,567,663,635,720,1565,1525,1636,1204,1100,1171,2386,1818,2045
"115",726,700,602,1760,1073,1760,857,1007,847,654,608,733,700,635,680,1685,1610,1543,1175,1100,1175,2188,1818,2045
"116",631,632,595,1760,1813,1600,812,817,820,633,667,658,690,680,660,1522,1337,1326,1150,1150,1150,1818,1591,1591
"117",714,769,770,2080,1760,1693,840,840,840,700,742,700,660,680,700,1413,1478,1522,1150,1150,1150,2045,2112,2045
"118",690,690,690,1600,1520,1600,850,870,827,717,700,700,690,680,652,1522,1522,1522,1150,1150,1150,1420,1136,1165
"119",714,667,690,1600,1760,1760,813,787,787,750,750,750,680,660,660,1522,1522,1522,1150,1150,1150,1231,1136,1364
"120",608,694,687,1670,1527,1507,753,760,760,750,750,750,640,600,600,1522,1522,1522,1150,1150,1150,1818,1818,1659
"121",714,692,595,1760,1760,1680,760,760,760,653,633,633,560,580,520,1522,1304,1304,1150,1150,1150,1534,1477,1364
"122",687,687,667,1760,1760,1739.28735632184,788,783,780,628,761,767,540,560,560,1304,1522,1522,1150,1250,1250,1364,1261,1136
"123",833,714,607,1760,1760,1760,800,777,780,742,667,667,560,560,600,1522,1304,1304,1250,1250,1250,1364,1364,1591
"124",622,631,623,1693,1600,1600,752,780,768,783,817,817,540,480,480,1087,1087,1128.46551724138,1250,1250,1250,1591,1591,1591
"125",643,690,690,1520,1600,1520,730,766,766,750,750,817,480,480,400,1087,1087,957,1250,1250,1250,1136,1136,1136
"126",700,790,804,1540,1519,1452,817,888,879,694,783,775,480,440,460,1000,1087,1016,1250,1250,1250,1136,1114,1102
"127",670,629,631,1440,1440,1393,907,937,900,747,694,700,480,480,480,1036,1043,1043,1242,1308,1250,886,864,924
"128",774,769,714,1440,1320,1347,900,900,883,700,700,700,480,500,480,1043,1043,870,1250,1150,1163,1080,1000,1068
"129",694,714,595,1360,1400,1320,913,907,892,750,750,750,400,400,400,870,870,929.109195402299,1250,1242,1250,951,955,955
"130",690,687,694,1440,1360,1360,892,958,1000,633,633,633,400,400,400,913,913,913,1250,1250,1250,932,1110,1330
"131",714,714,714,1280,1440,1440,1100,1217,1213,763,633,650,457,440,445,1087,978,870,1267,1250,1317,1364,1364,1273
"132",690,679,625,1360,1393,1360,1138,980,942,633,750,750,440,440,440,855,913,1008.34188034188,1250,1250,1250,1420,1705,2273
"133",833,832.320754716981,833,1320,1299.33962264151,1160,1088,1129.66037735849,1200,750,728.170542635659,738.5,440,508.74213836478,440,1261,1122.4025974026,1246.78125,1250,1239.74842767296,1250,2273,1811.21383647799,2000
"134",1071,976.811320754717,952,1233,1276.66666666667,1360,1270,1178.5534591195,1200,767,737.762589928058,694,720,629.37106918239,680,1366.98076923077,1530.21052631579,1563.0487804878,1250,1183.01886792453,1100,1449,1712.60377358491,1364
"135",1141,1071,1146,1240,1280,1280,1185,1188,1147,742,767,767,680,720,720,1594,1594,1674.90510948905,1200,1200,1050,1364,1682,2159
"136",908,774,749,1320,1360,1407,1153,1119,1000,667,667,690,655,660,660,1630,1630,1594,1050,1050,1058,1949,2085,2045
"137",1071,833,833,1600,1520,1440,1112,1187,1180,700,700,700,660,660,640,2011,2022,1997.54716981132,1250,1250,1150,2045,2386,2386
"138",833,893,833,1440,1760,1760,1213,1213,1213,633,700,667,700,620,620,2022,2065,2290.96855345912,1150,1150,1150,2614,2727,2500
"139",952,952,792,1600,1520,1440,1303,1233,1210,633,633,633,680,690,700,2500,2500,2500,1150,1150,1200,2614,2159,2045
"140",833,905,833,1440,1600,1440,1247,1380,1357,694,633,633,760,760,700,2500,2500,2452.13836477987,1250,1250,1250,1591,1553,1534
"141",1012,994,952,1440,1410,1320,1292,1260,1240,633,700,700,640,640,640,2500,2500,2305.58394160584,1250,1250,1150,1686,1676,1534
"142",952,1071,1230.62068965517,1247,1383,1412.86781609195,1220,1223,1234,700,694,667,753,680,680,2500,1739,1739,1150,1150,1150,1136,909,1193
"143",1429,1467,1548,1600,1360,1347,1300,1373,1368,694,700,700,680,710,760,2015.13725490196,2015.65217391304,2056.33944954128,1250,1250,1250,1153,1153,1136
"144",1310,1548,1190,1407,1600,1533,1420,1600,1617,700,700,667,760,760,760,2174,1957,2057.48905109489,1242,1250,1250,909,1136,1136
"145",883,1071,1071,1303,1327,1320,1800,1613,1560,700,767,767,760,760,720,2174,2174,2022,1250,1275,1250,1070,1390,1591
"146",1190,1190,1190,1337,1600,1600,1527,1720,1700,700,700,700,760,760,700,1848,1848,1848,1250,1250,1250,1742,1496,1364
"147",1237,1190.02777777778,1201.69444444444,1600,1440.30555555556,1407.22222222222,1758,1647.00775193798,1606.93548387097,700,670.076388888889,644.090277777778,660,701.527777777778,693.333333333333,1630,1720.87878787879,1635.28682170543,1250,1250,1250,1591,1394.20833333333,1309.61111111111
"148",1374,1190,1022,1280,1280,1280,1700,1495.08633093525,1600,633,633,633,700,700,700,1630,1630,1411.44217687075,1250,1250,1250,1136,1136,1136
"149",1002,1190,952,1400,1407,1407,1280,1233,1173,517,550,550,660,600,600,1413,1152,1196,1250,1250,1250,1311,1136,909
"150",1310,1220,1190,1520,1440,1360,1255,1200,1200,633,633,633,600,600,600,1196,1196,1122.80503144654,1250,1250,1250,1091,1364,1318
"151",1071,833,1090.78735632184,1360,1280,1320.97701149425,1142,1154,1187.41379310345,567,500,568.655172413793,560,520,551.724137931035,1087,761,1047.19444444444,1250,1250,1250,1136,1136,1063.87931034483
"152",1141,1126,1071,1393,1327,1320,1200,1200,1200,633,517,517,520,520,520,761,1587,1145.34591194969,1250,1250,1250,909,909,909
"153",1131,1141,952,1070,1040,960,1200,1180,1130,550,550,558,600,600,600,1152,1152,1152,1250,1250,1250,1091,909,909
"154",1250,1071,1071,1240,1160,1080,1200,1200,1200,583,633,633,580,580,540,1109,1109,1109,1250,1250,1150,871,1051,1013
"155",1190,1071,1190,1040,1040,1200,1187,1200,1200,517,600,600,580,580,540,1043,1043,913,1250,1250,1250,1076,1242,1318
"156",1354,1310,1190,1420,1393,1320,1100,1158,1107,667,500,450,580,540,540,1000,913,826,1250,1250,1250,1136,1307,1311
"157",1190,1012,1022,1600,1323,1227,1147,1127,1013,453,517,517,503,500,520,920,913,913,1250,1250,1150,1364,1136,909
"158",1429,1310,1250,1533,1360,1360,960,800,782,517,550,550,500,520,520,826,826,826,1250,1250,1150,886,909,909
"159",1121,1190,1111,1580,1680,1707,850,820,820,517,517,517,520,520,540,826,826,826,1250,1250,1200,909,1136,1337
"160",1394,1141,1071,1600,1533,1360,1171,820,817,600,600,533,660,660,640,826,826,870,1250,1250,1250,1250,1364,1364
"161",1429,1369,1369,1600,1500,1520,817,753,753,600,617,600,660,680,680,1130,1130,1130,1250,1250,1250,2045,1818,1727
"162",1379,1429,1250,1360,1360,1280,665,690,612,567,567,550,700,700,660,1130,1130,1043,1250,1050,1050,2206,2434,2500
"163",1394,1429,1270,1240,1247,1280,653,648,650,583,633,633,660,660,620,1043,1043,1043,1050,1050,1050,2405,2500,2955
"164",1141,1275,1071,1507,1533,1247,613,587,580,550,583,547,580,620,620,1043,1261,1087,1050,1050,1029,2273,2045,2045
"165",1190,1394,1348.30459770115,1330,1410,1382.8275862069,583,577,570.224137931035,600,633,637.448275862069,620,760,692.183908045977,1217,1522,1424.92452830189,1250,1250,1205.66091954023,1477,2045,1583.6091954023
"166",1716,1373,1310,1400,1407,1313,540,577,551,694,667,633,760,720,700,1696,1543,1547.45911949686,1250,1250,1250,1364,1038,1027
"167",1310,1190,1190,1303,1407,1280,570,553,535,700,717,728,700,660,705,1478,1522,1554,1250,1250,1238,1364,1326,1364
"168",1429,1429,1429,1560,1600,1600,540,540,532,717,717,717,700,700,700,1696,1696,1622.93081761006,1250,1250,1250,1936,1591,1591
"169",1548,1548,1473,1600,1440,1440,546,540,540,763,750,750,777,580,617,1522,1696,1671.83333333333,1250,1250,1250,1648,1705,1932
"170",1667,1548,1716,1680,1760,1920,508,530,528,833,700,733,580,580,600,1696,1696,1678.20125786164,1250,1250,1250,1591,1473,1693
"171",1617,1548,1548,1873,1700,1600,508,508,508,683,767,767,600,640,600,1696,1696,1696,1250,1250,1250,2008,2250,2500
"172",1548,1429,1429,1600,1600,1567,508,523,510,717,717,653,640,620,617,1696,1587,1522,1250,1350,1371,2273,2273,2273
"173",1488,1498,1548,1480,1553,1560,510,543,550,733,750,750,600,660,580,1087,1087,1196,1350,1250,1250,2176,2398,2273
"174",1548,1514.73563218391,1548,1440,1524.16666666667,1440,845,710.396551724138,780,783,778.511494252874,817,600,596.752873563218,580,1196,1237.39655172414,1196,1250,1262.26436781609,1238,2500,2527.59195402299,2500
"175",1548,1458,1384,1600,1600,1440,800,790,782,829,833,765,607,605,565,1426,1196,1254,1238,1250,1242,2727,2727,2727
"176",1567,1488,1488,1760,1600,1600,726,730,725,763,783,783,557,540,560,1355,1087,1152,1292,1250,1250,3136,3409,3295
"177",1667,1548,1488,1600,1600,1600,728,733,738,783,842,808,580,577,600,1152,1043,1087,1250,1250,1250,3182,3040,2841
"178",1607,1548,1548,1600,1600,1440,728,800,800,733,783,783,580,580,580,1022,1022,1065,1250,1250,1250,2955,2955,2841
"179",1835,1617,1379,1440,1600,1600,800,752,727,814,783,750,583,580,560,913,913,918.764367816092,1250,1250,1250,3182,2955,2955
"180",1667,1478,1359,1693,1600,1656.49390243902,717,728,728,733,767,733,600,620,560,870,826,870,1242,1250,1250,2841,2500,2434
"181",1429,1379,1310,1760,1760,1667,731,740,743,767,767,700,580,580,580,913,913,1054.59154929577,1250,1250,1250,2614,2633,2500
"182",1310,1273.59090909091,1121,1600,1762.01388888889,1760,775,865.857142857143,954,781,793.376623376623,828,577,624.772727272727,577,1217,1278.29850746269,1348,1342,1318.02597402597,1350,2500,2604.53246753247,3182
"183",1236.16883116883,1260,1190,1837.59090909091,1920,1920,956.012987012987,1154,1000,821.519480519481,863,883,685.935064935065,767,800,1474.80281690141,1571,1688,1342.05194805195,1358,1383,2652.30519480519,2443,2140
"184",1240,1240,1250,2023,1920,1920,1015,960,930,833,857,756,763,742,755,1717,1676,1484,1400,1283,1375,2311,2955,3295
"185",1240,1296.06837606838,1344.64220183486,1987,2041.24786324786,2112.84403669725,1100,1087.00854700855,1149.90825688073,778,811.461538461538,810.844036697248,783,862.188034188034,941.642201834862,2283,1928.66666666667,1987.6880733945,1300,1302.35042735043,1279.09174311927,3504,3073.13675213675,3141.78899082569
"186",1429,1387.82568807339,1393.93162393162,2307,2186.5504587156,2172.39316239316,1200,1250.91743119266,1298.97435897436,833,809.366972477064,813.880341880342,1120,1058.5504587156,1094.05982905983,2464,2060.8623853211,2098.46153846154,1200,1261.00917431193,1252.99145299145,3504,3172.73394495413,3082.79487179487
"187",1548,1429,1394,2240,2240,2240,1500,1372,1360,814,811,810,1160,1160,1153,1558,1884,1884,1200,1300,1300,2500,2926,2955
"188",1190,1190,1190,2080,1760,1700,1095,1100,1100,817,819,814,1040,1000,1000,2645,2899,2826,1300,1250,1250,3636,3409,3182
"189",1225,1240,1250,1600,1760,1760,1270,1448,1545,817,800,817,973,1000,940,2681,2609,2609,1258,1242,1250,3277,3324,3068
"190",1190,1260,1190,1600,1600,1280,1300,1239,1257,694,735,789,1000,1100,1000,2917,2736,2681,1242,1242,1242,2273,1932,1591
"191",1190,1310,1190,1360,1360,1313,1225,1359,1417,775,747,733,1160,1160,1170,2899,2790,2917,1250,1250,1250,1591,1364,1364
"192",1190,1190,1190,1440,1440,1327,1380,1388,1400,708,700,700,1130,1140,1160,2935,2935,3000,1250,1250,1250,909,909,864
"193",1190,1190,987,1280,1280,1280,1383,1360,1325,667,689,689,1085,1130,1120,2917,2935,2935,1358,1342,1333,909,909,909
"194",1141,1310,1190,1600,1600,1567,1317,1325,1325,628,639,667,1100,1030,1030,2935,2935,2935,1342,1442,1367,655,841,597
"195",1156,1190,1190,1600,1480,1440,1300,1480,1453,639,713,692,1020,960,692,2869.20183486239,2806.68085106383,2737.31914893617,1458,1442,1433,864,932,943
"196",1131,1190,1190,1440,1440,1440,1600,1655,1642,743,743,744,1000,1000,1000,2681.44444444444,2609,2609,1442,1442,1442,761,682,682
"197",1190,1190,1190,1440,1440,1313,1475,1475,1465,715,715,715,833,833,833,2609,2609,2609,1442,1442,1433,727,750,682
"198",1240,1212.22222222222,1218.05555555556,1567,1448.58333333333,1460.94444444444,1647,1583.98611111111,1590.33333333333,715,720.576388888889,717.798611111111,833,903.472222222222,913.930555555556,2609,2603.11290322581,2585.31007751938,1442,1439.77777777778,1439.46527777778,909,831.826388888889,887.652777777778
"199",1240,1190,1190,1440,1400,1393,1612,1617,1617,724,724,724,1000,1017,1017,2609,2609,2609,1429,1450,1442,886,871,682
"200",1260,1260,1190,1553,1693,1600,1724,1600,1600,724,686,694,850,833,800,2536,2391,2391,1442,1442,1442,1311,1318,1364
"201",1250,1260,1250,1760,1920,1550,1500,1550,1550,667,667,667,753,600,600,1899,1413,1413,1442,1358,1358,1364,1364,1364
"202",1240,1235,1190,1600,1440,1440,1600,1560,1520,667,667,667,697,697,697,1395,1395,1377,1400,1400,1400,1364,1364,1364
"203",1240,1190,1190,1760,1600,1600,1600,1500,1600,667,657,657,697,617,617,1395,1341,1333,1400,1400,1400,1420,1364,1364
"204",1190,1250,1310,1600,1760,1920,2200,2200,2000,657,657,657,617,617,613,1395,1395,1377,1400,1400,1400,1705,2159,2112
"205",1190,1190,1121,2000,1920,1920,1850,1958,1900,694,694,694,687,617,617,1359,1304,1304,1400,1400,1400,1818,1591,1591
"206",1131,1131,1131,1760,1760,1760,1700,1800,1800,694,694,689,577,583,583,1178,1178,1087,1400,1400,1400,1591,1364,1231
"207",1131,1131,1022,1760,1760,1760,1800,1800,1800,694,694,667,617,617,617,1087,1087,1087,1400,1400,1400,1193,1182,1705
"208",1310,1310,1310,1760,1600,1600,1958,1850,1867,647,694,689,617,617,617,1254,1254,1246,1400,1400,1400,1659,2045,2405
"209",1250,1240,1190,1920,1760,1760,1900,1900,1800,694,694,689,617,617,617,1036,1051,1051,1400,1400,1400,3314,3068,2727
"210",1190,1198.50574712644,1190,1760,1890,1760,1700,1675.11494252874,1600,647,662.540229885057,661,583,591.252873563218,583,1051,1086.04597701149,1051,1400,1402.41379310345,1400,3049,3111.9367816092,3049
"211",1190,1190,1190,1987,2240,2240,1500,1500,1500,647,628,622,583,577,587,1051,1141,1130,1400,1400,1400,3523,3277,3182
"212",1071,1071,1071,2240,2720,2240,1600,1620,1750,681,681,681,537,537,537,1254,1254,1254,1442,1442,1442,3636,3409,3409
"213",1190,1190,1190,2080,2080,2080,1850,2000,1800,681,681,678,583,583,587,1688,1703,1710,1442,1442,1400,3864,3542,3182
"214",1190,1190,1190,1920,1760,1760,1650,2000,1950,681,694,689,583,577,587,1688,1830,1812,1442,1558,1550,2822,3182,3182
"215",1190,1190,1190,1600,1800,1920,1820,1642,1600,694,694,689,617,633,627,2264,2482,2464,1600,1600,1600,2727,2841,2727
"216",1131,1131,1121,2320,2580,2286.26436781609,1158,1153,1070,681,681,678,647,633,613,2482,2264,2246,1883,1883,1867,2159,2500,2727
"217",1379,1071,1071,2307,2480,2400,1300,1242,1250,681,681,678,617,600,600,2047,2047,2101,1658,1658,1667,2367,2386,2386
"218",1131,1131,1105.94252873563,2400,2400,2367.98850574713,1020,800,958.988505747127,786,778,751.068965517241,600,600,590.379310344828,2047,1812,1822.32183908046,1658,1667,1658.34482758621,1364,909,1309.59195402299
"219",1071,1071,1071,2400,2240,2240,850,850,870,747,781,778,567,600,600,1649,1612,1551,1642,1658,1667,1023,909,909
"220",1071,1071,1071,2400,2400,2240,980,850,850,747,781,778,543,583,573,1830,1830,1812,1658,1658,1667,1136,909,909
"221",1071,1071,1022,2400,2400,2240,650,640,577,747,747,744,617,617,613,1781.55172413793,1830,1812,1658,1742,1733,909,1136,1318
"222",1071,1250,1071,2240,2240,2400,783,675,670,733,733,733,583,583,573,1830,1739,1739,1700,1658,1667,1477,1496,1136
"223",1121,1131,1131,2360,2560,2560,617,600,600,733,733,733,537,540,533,1688,1696,1688,1658,1650,1667,962,1364,1364
"224",1071,1190,1131,2400,2400,2400,600,600,600,733,833,762.988505747126,537,537,533,1178,1178,1196,1642,1658,1650,1136,955,1136
"225",1071,1071,1012,2400,2400,2400,600,600,600,800,733,733,537,537,533,1178,1214,1196,1700,1683,1700,909,1136,955
"226",1190,1190,1071,2200,2200,2080,795,742,742,667,833,833,497,617,613,1612,1612,1630,1700,1700,1700,1170,1205,1136
"227",1121,1022,1002,2000,1987,1987,640,623,623,786,786,789,593,513,507,1612,1178,1196,1658,1658,1667,1326,1136,1136
"228",1131,1022,1022,1987,1987,1987,642,600,600,694,694,689,433,433,427,1178,1178,1159,1658,1658,1667,1409,1409,1174
"229",1002,1012,1002,1987,1760,1760,600,657,657,694,694,689,450,497,493,1178,1178,1159,1658,1658,1667,1205,1110,1091
"230",952,1071,1071,1507,1507,1520,600,670,675,639,639,644,537,537,533,1033,793,783,1742,1658,1667,1364,1519,1523
"231",1121,952,952,1530,1507,1533,710,700,700,794,794,789,537,497,493,793,793,783,1650,1658,1667,2045,1686,1364
"232",833,952,952,1600,1533,1440,700,700,640,561,561,556,497,497,493,793,732,768,1658,1658,1667,1534,1364,1496
"233",952,903,883,1440,1280,1180,640,617,617,706,694,689,457,433,427,757,707,696,1658,1658,1667,1458,1818,1818
"234",893,937.327044025157,952,1440,1346.94339622642,1280,623,649.880503144654,642,461,574.238993710692,517,433,453.301886792453,427,601,652.924528301887,594,1658,1655.78616352201,1667,1477,1893.72327044025,2178
"235",1071,947.433962264151,883,1440,1334.90566037736,1407,748,664.031446540881,708,569,554.265306122449,556,497,468.59748427673,493,634,643.849056603774,638,1658,1660.06289308176,1667,2614,2112.76100628931,2178
"236",952,952,883,1240,1280,1280,625,635,635,569,589,545.043209876543,497,457,453,634,732,710,1558,1742,1667,1695,1951,2140
"237",952,883,903,1280,1247,1167,577,658,650,475,561,481,457,497,447,598,743,819,1700,1658,1642,2386,2633,2140
"238",1190,1131,1022,1160,1160,1153,725,690,675,586,550,576.586206896552,497,540,543,920,978,819,1742,1658,1658,1686,1705,1667
"239",1131,1131,1141,1240,1407,1400,620,623,623,608,617,617,617,620,620,913,960,935,1650,1650,1650,2140,1951,1591
"240",952,883,883,1247,1247,1167,640,600,600,617,617,567,620,520,513,1196,1022,975,1600,1600,1600,2633,2405,2367
"241",952,883,883,1440,1440,1440,620,617,617,533,533,539,537,497,497,957,833,841,1650,1542,1542,3049,3049,3049
"242",883,883,883,1233,1120,1120,617,577,583,492,517,517,540,500,500,913,978,938,1650,1650,1667,3049,2860,2822
"243",903,893,883,1247,1240,1247,623,628,617,533,517,514,580,580,580,1022,1261,1254,1650,1650,1667,2841,2822,2822
"244",903,903,833,1233,1153,1200,617,623,617,533,533,528,680,760,760,1848,1848,1812,1650,1650,1650,2367,2178,1913
"245",833,833,784,1167,993,1007,583,583,583,533,467,472,760,800,800,2065,2065,2019.48850574713,1850,1850,1850,1311,1496,1496
"246",893,893,833,993,1080,1167,577,580,583,583,583,583,800,840,840,2065,2065,2065,1850,1850,1850,1458,2159,1951
"247",774,784,774,1000,1000,960,580,600,600,567,500,586,960,940,900,2065,2130,2130,1850,1850,1850,1725,2140,2614
"248",833,764,764,1087,1233,1153,600,647,633,592,650,692,900,960,960,2130,2154.36274509804,2189.35064935065,1750,1750,1750,2860,2841,2633
"249",833,744,714,1087,1073,1073,577,580,577,667,667,625,900,800,760,2246.86567164179,2391,2325.75,1750,1750,1750,2140,1960,1913
"250",714,833,714,1233,1247,1080,583,583,583,633,667,667,760,900,840,2312.7,2304,2297.78571428571,1750,1750,1742,1951,1496,1364
"251",784,784,784,1247,1280,1280,620,603,623,700,700,700,840,760,760,2293.125,2289.5,2281.1052631579,1750,1750,1750,1364,1496,1723
"252",744,774,714,1247,1233,1160,583,620,623,667,667,667,760,760,760,2267.36842105263,2158.28571428571,2048.58823529412,1750,1750,1750,1913,1534,1364
"253",774,808.270833333333,830.388888888889,1040,1114.47222222222,1088.93055555556,625,651.194444444444,665.3125,633,630.243055555556,609.513888888889,760,802.916666666667,814.791666666667,2049.26666666667,2050.15384615385,2051.36363636364,1750,1838.54166666667,1882.98611111111,1023,1321.22916666667,1302.875
"254",1012,883,774,1160,1007,960,790,668,668,617,600,583,900,900,850,1997.67567567568,2004.22807017544,2011.51724137931,1950,2000,2000,1091,1091,1098
"255",774,774,714,1000,1000,1007,620,617,580,508,508,483,780,690,690,2130,1957,1848,1950,1950,1850,1773,1686,1458
"256",714,774,774,1000,1080,1073,580,606,606,483,483,483,690,690,700,2011,2011,2011,1950,1950,1950,1705,2159,2386
"257",774,784,774,980,960,960,600,623,623,492,492,492,680,670,660,2152,2207,1957,1850,1725,1725,2140,2159,1932
"258",764,774,774,1080,1080,1080,620,623,620,475,467,475,600,600,600,1630,1304,1304,1825,1800,1800,1989,1922,2159
"259",784,774,714,1087,1080,1040,580,583,580,475,475,475,520,530,530,1370,1370,1370,1775,1775,1775,1951,1458,1364
"260",833,774,714,1040,1040,1040,580,580,580,475,467,467,520,500,500,1261,1413,1283,1775,1775,1700,1250,1295,1295
"261",774,784,774,1240,1280,1247,580,577,577,467,467,467,530,530,530,1261,1261,1261,1700,1700,1700,1250,1136,1091
"262",784,774,774,1247,1577,1160,577,577,577,508,508,508,520,530,530,1261,1120,1120,1850,1625,1625,1311,1402,1932
"263",893,655,655,1230,1160,1080,583,560,560,467,458,458,500,500,500,1087,1130,1130,1625,1625,1625,2614,2614,2159
"264",774,759,774,1160,1080,1073,510,510,512,467,467,467,500,510,510,1130,1130,1130,1625,1625,1625,1932,1686,1477
"265",774,764.718390804598,774,1000,1051.00574712644,1080,508,535.149425287356,557,475,471.862068965517,475,540,530.057471264368,540,1304,1196.73563218391,1196,1625,1712.21264367816,1850,1705,1458.62068965517,1364
"266",764,774,774,1040,993,1000,560,560,563,475,475,475,540,540,540,1196,1196,1196,1850,1850,1650,1068,1068,1068
"267",774,767.390804597701,774,1040,1043.84482758621,1040,520,541.557471264368,540,475,510.379310344828,475,560,554.48275862069,560,1261,1243.5,1261,1650,1668.96551724138,1600,1193,1242.93103448276,1259
"268",774,714,714,1007,1080,1087,520,517,508,583,583,583,560,560,550,1196,1261,1261,1600,1600,1600,1273,1364,1477
"269",833,833,833,1167,1160,1167,623,623,620,583,667,700,590,590,590,1457,1457,1457,1625,1625,1625,1523,1508,1477
"270",893,784,774,1320,1160,1160,620,620,623,733,733,733,595,590,590,1696,1696,1696,1725,1625,1550,1432,1506,1364
"271",784,784,714,1073,1007,1000,613,608,577,633,633,633,590,550,550,1696,1663,1663,1550,1675,1675,1398,1644,1477
"272",833,833,833,1120,1040,1040,580,540,612,692,617,617,550,550,550,1739,1587,1587,1650,1650,1650,1417,1402,1318
"273",774,784,799,1040,1040,1040,612,612,608,567,567,567,590,590,590,1587,1489,1489,1650,1650,1650,1205,1193,1068
"274",774,774,761,1247,1440,1520,648,700,700,625,625,625,590,590,590,1478,1478,1478,1650,1650,1650,1610,1468,1364
"275",764,774,714,1407,1320,1200,800,800,800,625,625,625,590,560,560,1630,1620,1620,1650,1575,1575,1159,1136,1068
"276",774,774,774,1280,1240,1233,750,720,720,625,717,717,560,520,520,1696,1587,1587,1600,1575,1425,1136,1205,909
"277",774,774,774,1280,1440,1440,777,783,783,717,717,717,520,470,470,1554,1554,1554,1425,1600,1600,1013,955,909
"278",764,784,714,1440,1440,1360,1030,1100,1040,650,717,717,490,490,490,1522,1652,1652,1600,1600,1600,1193,1259,1091
"279",784,774,784,1313,1320,1313,983,950,1023,650,650,650,450,420,420,1587,1478,1478,1600,1600,1600,1068,1136,1259
"280",774,833,774,1240,1247,1240,1020,1017,1023,725,683,683,400,380,380,1152,1152,1152,1600,1600,1600,1311,1311,1318
"281",714,714,714,1240,1240,1240,980,952,952,683,700,700,380,380,380,1261,1261,1261,1600,1750,1650,1159,1000,909
"282",714,714,714,1240,1233,1233,983,1015,1068,700,700,700,380,340,340,1326,1000,913,1550,1625,1625,1117,1686,2045
"283",833,833,689,1167,1167,1000,1365,1177,1433,750,750,781,340,340,440,946,913,1477,1650,1650,1300,2159,1705,1636
"284",714,833,764,1240,1240,1233,1300,1250,1250,650,650,650,340,340,340,913,913,913,1650,1650,1650,1318,1250,1136
"285",833,774,774,1240,1080,1080,1330,1260,1270,650,650,650,340,340,340,739,630,630,1650,1650,1650,1068,1068,1250
"286",774,774,784,1233,1320,1327,1170,1215,1220,650,650,650,340,340,340,630,630,630,1650,1650,1575,1318,1364,1364
"287",952,883,836.459770114943,1160,1167,1303.33333333333,1400,1258,1298.65517241379,617,617,618.706896551724,400,440,428.390804597701,685,728,667.701149425287,1575,1575,1608.44827586207,1705,1295,1331.90229885057
"288",833,744,774,1320,1440,1393,1400,1330,1330,617,617,617,480,480,480,674,674,696,1625,1625,1613,1114,1114,1259
"289",893,903,952,1400,1440,1440,1223,1242,1250,575,575,575,430,440,440,565,641,641,1625,1625,1625,1364,1784,2273
"290",774,1012,952,1440,1520,1440,1220,1250,1250,575,650,650,470,500,500,674,739,739,1625,1625,1525,1932,1705,1591
"291",946.477011494253,1131,1069,1487.81609195402,1600,1520,1284.36781609195,1360,1360,630.436781609195,650,650,490.402298850575,490,490,717.045977011494,674,761,1591.81034482759,1625,1625,1644.24137931034,1182,1250
"292",893,714,655,1520,1400,1400,1380,1230,1180,633,633,633,540,500,500,826,717,717,1550,1550,1550,2170,1676,1705
"293",893,893,774,1520,1520,1520,1030,1020,1020,633,633,633,500,500,500,826,826,826,1550,1550,1550,2159,2159,1892
"294",774,774,774,1600,1600,1600,1030,1070,1070,667,667,667,500,500,500,957,913,826,1650,1650,1650,1922,1920,1818
"295",759,774,774,1440,1440,1440,1100,1100,1100,667,667,667,500,540,540,978,1261,1261,1550,1550,1550,1364,1932,1773
"296",833,774,774,1680,1680,1680,1100,1100,1100,667,667,667,620,620,620,1413,1413,1413,1850,1850,1725,1477,1318,1136
"297",952,774,774,1520,1600,1600,1130,1090,1090,667,633,633,640,660,660,1413,1413,1413,1725,1725,1625,1477,1250,1136
"298",833,833,833,1760,1760,1740,1090,1090,1090,633,633,633,700,760,760,1739,1957,1957,1625,1625,1625,1591,1705,1705
"299",774,774,774,1720,1720,1720,1090,1090,1090,633,633,633,840,940,840,2174,2174,2174,1850,1850,1625,1591,1977,2159
"300",774,774,774,1920,1920,1920,1090,1200,1200,667,667,667,960,960,960,2147.93137254902,2182.44155844156,2237.13432835821,1850,1850,1750,2841,2614,2500
"301",774,774,774,1880,1680,1680,1120,1150,1150,667,633,567,900,900,900,2315,2279.75,2272.7,1750,1600,1575,1932,1705,1705
"302",774,774,774,1680,1480,1480,1150,1150,1150,567,567,567,960,840,840,2268,2264.64285714286,2262.125,1750,1750,1750,1409,1250,1136
"303",774,786.291666666667,795.305555555556,1480,1604.72222222222,1640.83333333333,1150,1201.66666666667,1224.02777777778,600,593.881944444444,602.145833333333,880,920.277777777778,942.222222222222,2260.16666666667,2258.6,2257.31818181818,1750,1737.84722222222,1750,1705,1928.50694444444,2200.86805555556
"304",833,774,774,1760,1600,1760,1270,1270,1270,600,600,600,960,1000,1000,2256.25,2255.34615384615,2254.57142857143,1750,1750,1750,2159,2727,2841
"305",833,833,833,1760,1760,1760,1330,1220,1220,700,633,633,1000,1000,900,2253.9,2253.3125,2252.79411764706,1750,1750,1750,3295,3523,3523
"306",833,774,774,1760,1760,1760,1070,1020,1020,567,567,567,840,840,840,2252.33333333333,2251.92105263158,2251.55,1750,1750,1750,3182,3068,3068
"307",774,774,774,1600,1520,1520,960,900,900,567,567,567,900,840,760,2251.21428571429,2250.90909090909,2250.63043478261,1575,1575,1575,1932,1932,1705
